,market_cap
A,33624023040
AAPL,4250410418176
ABBV,362295590912
ABT,151450648576
ACGL,32987619328
ACN,110187503616
ADBE,103915773952
ADI,201550692352
ADM,37949255680
ADP,84647731200
ADSK,53030629376
AEE,29873014784
AEP,71560683520
AES,10226681856
AFL,57761361920
AIG,41210277888
AIZ,11741764608
AJG,51141734400
AKAM,17256011776
ALB,25952796672
ALGN,12454960128
ALL,54470270976
ALLE,11685558272
AMAT,334014513152
AMCR,18782158848
AMD,672459784192
AME,54357786624
AMGN,178264801280
AMP,42846154752
AMT,84126310400
AMZN,2942822514688
ANET,182239576064
AON,66771628032
AOS,8366886912
APA,12810765312
APD,66329894912
APH,166990495744
APO,74797580288
APTV,12098344960
ARE,8049506816
ARES,40719097856
ATO,30316687360
AVB,25979176960
AVGO,1975848140800
AVY,12930699264
AWK,24402253824
AXON,33841934336
AXP,220343681024
AZO,58237386752
BA,182547185664
BAC,380874031104
BALL,15641982976
BAX,9017547776
BBY,12479475712
BDX,43008516096
BEN,16077574144
BF-B,12618936320
BG,24104810496
BIIB,28281366528
BK,90904035328
BKNG,132380237824
BKR,63274139648
BLDR,8726472704
BLK,166423822336
BMY,115050299392
BR,17957105664
BRK-B,1021680091136
BRO,19547121664
BSX,85547171840
BX,151287447552
BXP,10649296896
C,222793269248
CAG,6779454464
CAH,44787183616
CASY,31366223872
CAT,416605437952
CB,124563210240
CBOE,35754962944
CBRE,42891771904
CCI,39770521600
CCL,38119043072
CDNS,99226189824
CDW,14513713152
CF,17827186688
CFG,27690311680
CHD,22339043328
CHRW,20006590464
CHTR,22433947648
CI,75188043776
CIEN,75064188928
CINF,24933955584
CL,69716492288
CLX,10989332480
CMCSA,94592614400
CME,104170455040
CMG,41611886592
CMI,96802783232
CMS,22739572736
CNC,27539058688
CNP,27511097344
COF,122672513024
COHR,61367500800
COO,11972219904
COP,141297745920
COR,49765814272
COST,443386363904
CPAY,20492650496
CPB,6252131840
CPRT,32574273536
CPT,10403025920
CRH,76689334272
CRL,9425547264
CRM,153417793536
CSCO,365641596928
CSGP,14308784128
CSX,83987881984
CTAS,68206845952
CTRA,24724652032
CTSH,24851421184
CVS,111057985536
CVX,359339491328
D,53976576000
DAL,48679997440
DD,20373090304
DE,158520573952
DECK,14883453952
DG,25308407808
DGX,20964796416
DHI,42091720704
DHR,125063069696
DIS,190651596800
DLR,69944475648
DLTR,18701428736
DOC,13203047424
DOV,30349987840
DPZ,10816925696
DRI,22069749760
DTE,29341353984
DUK,97055834112
DVA,12405677056
DVN,28011423744
DXCM,23360751616
EA,50247192576
EBAY,47987519488
ECL,73848168448
ED,38920019968
EFX,21416863744
EG,13951759360
EIX,26077485056
EL,31079991296
ELV,81316454400
EME,40766447616
EMR,80699203584
EOG,69305622528
EPAM,5647620608
EQIX,105938722816
EQR,25619845120
EQT,35220668416
ERIE,11328076800
ES,25371439104
ESS,18512885760
ETN,157822599168
ETR,51409248256
EVRG,18860271616
EW,48343019520
EXC,45546639360
EXPD,20191090688
EXPE,29855492096
EXR,31715923968
F,48792563712
FANG,53257940992
FAST,51839520768
FCX,88012251136
FDS,7981695488
FDX,90103873536
FE,25942636544
FFIV,19565631488
FICO,25514633216
FIS,24292851712
FITB,45800452096
FIX,67760971776
FRT,10104263680
FSLR,23791249408
FTNT,81556168704
GD,93679714304
GE,320067862528
GEN,12273775616
GILD,167450804224
GIS,18710863872
GL,12086343680
GLW,156756574208
GM,70970064896
GNRC,15561347072
GOOG,4761248071680
GOOGL,4795338850304
GPC,14808158208
GPN,19690039296
GRMN,47033774080
GS,275908657152
GWW,59063562240
HAL,32973150208
HAS,13944117248
HBAN,33559148544
HCA,95648448512
HD,323808591872
HIG,36596465664
HII,12558457856
HLT,73020489728
HON,136640954368
HPQ,19566839808
HRL,11401888768
HSIC,8206563328
HST,15177602048
HSY,37384036352
HUBB,26273988608
HUM,29508716544
IBKR,145893326848
IBM,215750672384
ICE,87445200896
IDXX,45428326400
IEX,16079770624
IFF,20614479872
INCY,19549683712
INTC,558690140160
INTU,112535429120
IP,17876492288
IQV,30168842240
IRM,38809120768
ISRG,162429714432
IT,10473283584
ITW,74499702784
IVZ,12159627264
J,14895902720
JBHT,23273986048
JBL,37715079168
JCI,85358755840
JKHY,10499026944
JNJ,536676990976
JPM,837186486272
KDP,38354173952
KEY,23923439616
KEYS,62275985408
KIM,15979665408
KKR,92814024704
KLAC,233710272512
KMB,32652974080
KMI,69281079296
KO,336970416128
KR,41837658112
L,21656145920
LDOS,17004937216
LEN,22218569728
LH,21107619840
LHX,56115765248
LII,18761707520
LIN,231978123264
LLY,868993073152
LMT,117255430144
LNT,18552000512
LOW,130746687488
LRCX,361877733376
LULU,15719690240
LUV,20538271744
LVS,35795668992
LYB,23337338880
LYV,38977069056
MA,441791938560
MAA,15622243328
MAR,93898604544
MAS,14658024448
MCD,202607198208
MCHP,54665506816
MCK,91155169280
MCO,79234973696
MDLZ,78732656640
MDT,100945453056
MET,51995463680
META,1575992688640
MGM,9727464448
MKC,13028141056
MLM,36982870016
MMM,76232269824
MNST,74536001536
MO,116132577280
MOS,7420129792
MPC,70431178752
MPWR,78722473984
MRK,277966389248
MRSH,79616540672
MS,302822916096
MSCI,42776915968
MSFT,3158347874304
MSI,72414920704
MTB,31674236928
MTD,27147878400
MU,736376455168
NCLH,8182031872
NDAQ,50406649856
NDSN,16028579840
NEE,196543430656
NEM,125709672448
NFLX,374466314240
NI,22443532288
NKE,65470013440
NOC,79027429376
NOW,97427668992
NRG,31488905216
NSC,70908821504
NTAP,22297634816
NTRS,29975808000
NUE,52612399104
NVDA,5065405366272
NVR,16663598080
NWS,16694179840
NWSA,14433624064
NXPI,74605199360
O,57965887488
ODFL,41947738112
OKE,53297627136
OMC,21965428736
ON,40176463872
ORCL,570032324608
ORLY,78809800704
OXY,53690380288
PANW,160748322816
PAYX,33476907008
PCAR,60851847168
PCG,35367510016
PEG,38948802560
PEP,212983070720
PFE,151918690304
PFG,21981421568
PG,340592525312
PGR,114291826688
PH,112726278144
PHM,22807883776
PKG,20322811904
PLD,134107488256
PM,264926183424
PNC,88900386816
PNR,13046431744
PNW,12061153280
PODD,10864705536
POOL,7084519936
PPG,24932481024
PPL,27506677760
PRU,35065143296
PSA,54042636288
PSKY,12221370368
PSX,67745988608
PTC,17567395840
PWR,112042409984
QCOM,199522205696
RCL,76706447360
REG,14643796992
REGN,75400232960
RF,24031916032
RJF,30883018752
RL,21945853952
RMD,30490851328
ROK,50563440640
ROL,26162735104
ROP,35659653120
ROST,73672605696
RSG,61693915136
RTX,236060262400
RVTY,11249650688
SATS,36049174528
SBAC,23033704448
SBUX,117981732864
SCHW,160607617024
SHW,79966666752
SJM,10347553792
SLB,79657721856
SMCI,20566505472
SNA,19970416640
SNPS,98150637568
SO,104331722752
SPG,77771071488
SPGI,127445762048
SRE,59152728064
STE,21103570944
STLD,34336342016
STT,41520590848
STX,168591048704
STZ,26101508096
SW,22184828928
SWK,12555368448
SWKS,10014029824
SYF,25278224384
SYK,112459505664
SYY,34534346752
T,176036151296
TAP,8113471488
TDG,69949980672
TDY,29777819648
TECH,7720969728
TEL,62378131456
TER,56604078080
TFC,62941810688
TGT,58021015552
TJX,172985630720
TKO,13955606528
TMO,177779998720
TMUS,210770182144
TPL,29016811520
TPR,27694227456
TRGP,53746544640
TRMB,15079949312
TROW,22536562688
TRV,64210186240
TSCO,17077467136
TSLA,1536879755264
TSN,23476467712
TT,106120994816
TTWO,41664479232
TXN,257601748992
TXT,16062125056
TYL,14098267136
UAL,33080958976
UDR,13779476480
UHS,10487959552
ULTA,23316434944
UNH,334251622400
UNP,158384865280
UPS,85009776640
URI,60141322240
USB,86913269760
V,612846469120
VLO,68622647296
VMC,38400311296
VRSK,22817452032
VRSN,25258870784
VRTX,108463751168
VTR,41441107968
VTRS,19923240960
VZ,197858885632
WAB,45938442240
WAT,34727514112
WBD,67981144064
WDAY,32236902400
WDC,159132844032
WEC,36844457984
WELL,148227915776
WFC,245274181632
WM,88465129472
WMB,88434999296
WMT,1036069306368
WRB,24665194496
WSM,22051293184
WST,22304151552
WTW,24180570112
WY,17463652352
WYNN,11243825152
XEL,50047688704
XOM,606405328896
XYL,28006234112
YUM,43018960896
ZBH,16181201920
ZBRA,11446908928
ZTS,37252771840
