,target_-0.000513,target_-0.000249,target_0.000015,target_0.000279,target_0.000543,target_0.000807,target_0.001072,target_0.001336,target_0.001600,target_0.001864
IP,2.5380635175272917e-17,3.0553569320679896e-22,0.00010445177670520525,9.51131993084538e-25,8.860720729093708e-25,2.7907455842701277e-24,0.007630640637806773,0.0017381352776493142,0.07082836723859515,1.7684953753245504e-06
AMZN,1.0995105732303381e-05,0.0011394720018754012,6.088011343762684e-05,0.0020710037985643376,0.006376916855122532,0.016314568062409454,0.00038175100273148723,7.137139506820209e-37,5.982945193143959e-44,9.558731824416009e-06
ARE,4.34470190053908e-12,2.2310427557373544e-20,3.610931820810259e-21,8.920239873209144e-21,0.006644036005235021,1.7750358634962435e-08,6.297325569769971e-12,0.12905741965672654,2.135709246931793e-09,1.0468077792477456e-27
INCY,0.8257258429520037,0.55198469850976,2.135804600908345e-05,0.00041829328090908644,0.002833931853055327,0.009928871891408715,0.0028530315594405635,0.054737481813901055,3.8187924629976555e-06,1.19477723661487e-05
DE,2.886381611743806e-11,0.003463751286967607,6.705925604473231e-27,3.3187571621820735e-25,6.025442405544066e-11,1.0036860057555323e-17,7.200158908313913e-25,1.214169347468757e-19,5.8942237900067044e-30,4.7384155621019996e-24
HCA,6.153566581160617e-09,3.2715775080639253e-07,2.7185580241567785e-22,5.102354717007261e-09,1.7778473045778764e-25,0.001431085963866381,1.080535552107422e-20,3.4214867227342747e-19,4.386200079638722e-77,2.7148298438565223e-22
TGT,4.9661045684913246e-11,3.6399291960781266e-17,7.227372946494948e-23,2.4632620798296732e-24,7.229936990967319e-13,2.7907455842701277e-24,9.26862778337095e-25,2.4090638200692793e-25,1.7795446712655233e-31,5.140048990163081e-26
HSIC,5.247987168756317e-15,6.047845562876455e-12,1.622072471283262e-21,8.379054179596075e-05,2.2062617932515356e-25,8.197132447892708e-05,8.369961071007271e-18,3.539688014587177e-21,1.6499117807072806e-10,1.370643518031707e-23
XOM,0.014908185053125933,0.0025300067215516774,0.006166468084552908,7.401772352430711e-05,0.0009856440697583926,0.025892172231771902,0.001434217462363162,3.796351512719506e-24,3.9043966865734853e-10,8.556291970002122e-39
CBOE,3.4583082219065422e-15,0.00010991528546504693,1.5320412684324243e-05,0.017659061158016947,0.08350416101436477,0.08476185314493467,0.26924321665011275,0.005513612130812391,5.328879653047424e-12,0.0001540126172498783
WY,4.0229635919920765e-10,5.079298135335348e-13,2.6504919675750977e-25,5.132530468993148e-08,1.408646035764323e-24,0.00013022519013487004,5.696018499327775e-25,3.1852698399745823e-22,5.430152960792144e-29,3.497205687147232e-24
TECH,1.5053349575355595e-11,0.007469704535669521,3.331033237817378e-05,0.0007230162906161542,0.0001901646657039851,0.013868615610298705,0.00017891748551507417,3.8094893768058875e-37,1.21028573209427e-09,4.1153979812071807e-05
CB,3.618569258313024e-15,9.257859126956991e-22,0.0002677043584533417,0.00012612686685857036,1.1358185825852493e-23,9.681930663420426e-05,0.000514967668648758,3.9297483285948723e-23,6.008330675206607e-28,2.2296340686008053e-06
WDC,4.830854788440469e-17,3.2295438663591373e-09,2.195888107557559e-05,0.006145364567856214,6.875109815180823e-16,5.266981302883586e-09,2.363584370887105e-22,1.5760253765598163e-20,1.0759997847843854e-32,4.965027609845562e-11
META,8.761928577552052e-17,0.002397294720937797,0.00047147219152991293,0.006512435852447647,0.010326979891080756,0.003920610927087774,7.326265873341194e-05,0.06715419667404837,8.421517693534104e-12,9.41414002554425e-06
SNPS,8.025667352992005e-11,1.3500406392245389e-21,1.7293007196565457e-24,0.0003033787213733788,1.1522268386206562e-08,2.7907455842701277e-24,0.0018549022738460937,5.132037378315039e-24,4.235365974619306e-35,4.697267748856944e-07
BXP,3.3370350462386956e-09,6.5587899419249e-14,1.5405481170675795e-05,3.6144852256530694e-08,8.385468956638007e-13,6.8500898048986745e-12,3.177405204334435e-24,4.3646777059467195e-37,1.7909919460603226e-28,8.502311441848642e-11
CMCSA,4.523691097324713e-16,2.5991827274596702e-12,2.4548283272102077e-25,1.7281432772524892e-20,7.287372920278196e-14,0.000498122008994477,1.6353674851816897e-21,4.0326695666304523e-25,5.907379964042364e-29,2.1292086914850352e-07
EQT,5.495400812532925e-13,0.0003003297089809351,1.3532667103471394e-10,2.221136549225202e-05,6.166540758928602e-14,5.605783756184802e-05,7.945617840641747e-18,1.039776665057132e-06,1.707232902634163e-12,2.4046470489001286e-12
A,4.4320511667063957e-16,2.506604618641369e-14,6.231810307186875e-21,2.3825837795094863e-20,1.0051960761043737e-13,4.8382578553008736e-05,2.7093364967339537e-21,2.123368925969333e-25,6.073503203238834e-30,7.993901435820435e-24
SYK,7.268688327823735e-11,1.8746094526858792e-13,1.550323159838539e-26,2.4366949777941507e-23,6.734859345470117e-12,2.7907455842701277e-24,0.001446764118429346,1.845882847870348e-21,6.78673527336548e-32,1.5282076898572429e-15
CDW,1.8345295858491354e-16,1.1283674584755e-12,2.1029364601976748e-05,3.2990582179084256e-24,9.118462319778782e-13,2.7907455842701277e-24,0.000447220800226307,8.176036387633576e-25,5.054263151347503e-35,6.293552640348324e-18
MGM,4.1960193327324516e-16,4.648956142432091e-14,3.5593018405552205e-10,1.9481284333266674e-12,3.565940009434593e-14,1.2548901926721553e-09,0.0010700584651679725,3.0356791142815148e-21,7.743878929904036e-28,6.93657908174681e-15
RCL,2.5508502003909134e-12,1.6621782090130123e-14,8.486246095110781e-07,9.221342247293034e-14,8.588532675629106e-14,7.987136335099412e-13,6.38398610416188e-25,2.3132080982283933e-20,0.0004504056749924602,5.155367553655296e-27
TYL,2.2370741287202765e-05,6.552383288246703e-07,2.7438388366324146e-24,1.6619511987691672e-10,1.5482699648696014e-10,4.446013127940707e-05,4.238884455176037e-21,1.5235804257099784e-22,1.6340075019750713e-31,3.073901206006746e-22
TT,8.674442411517499e-13,3.2149418601397453e-15,1.3240842204536712e-26,5.509228255472546e-25,1.522743824589905e-13,4.292459819359977e-09,8.669681036556086e-22,1.085818487053017e-20,1.479790026595991e-27,2.0976884201027527e-19
FCX,1.5008467931514755e-10,5.4871441363574155e-14,8.170588376888727e-26,2.1384921187731558e-13,1.392633324874573e-13,2.7907455842701277e-24,9.268167813216413e-27,4.090241498511504e-21,1.322752957978173e-29,2.4021785792981822e-06
FFIV,2.0281590421499586e-17,0.0006393227121899423,6.545790221869315e-05,0.0017386141477576168,0.0019499316886306742,0.008816869471652205,5.1302980342194216e-36,0.00024620885589607004,1.1574405997594908e-43,3.927686939730284e-07
AKAM,1.43756641950538e-14,2.9882721578646753e-16,1.9217762872535722e-13,1.8016412290975925e-05,8.55564650945107e-14,0.0010196727069890217,0.0002459133353134359,3.4276869148074238e-37,2.1552031849199224e-08,8.455403411120567e-06
ADP,1.3662325492258853e-16,3.625693465803388e-14,3.060290211072952e-14,2.9125682879811743e-25,8.06415674697494e-14,2.7907455842701277e-24,1.4268714067477527e-20,2.4623648409539836e-25,1.346141645229083e-11,1.3379205417028914e-07
URI,2.4408606614658925e-09,5.416217330415597e-14,1.2382851406136678e-17,1.7662017991718685e-30,3.030744721215895e-11,0.00029703983547529683,8.587029551507404e-21,3.662120703538549e-18,3.8840312113165576e-11,1.4670505989677796e-12
WMB,7.817231936734728e-12,1.2230499691253876e-14,2.406714967071031e-07,0.005555603532343933,2.504983775402914e-12,3.4639533386666574e-08,3.3045272433702972e-22,3.859660193068175e-18,9.086360488980124e-14,1.291308495733028e-27
CAH,5.399926131547743e-10,7.156184472708771e-17,2.934945655015206e-38,0.009231580330817642,0.006436968062636528,0.0012462645334711604,1.9959608257281037e-21,0.00010179854786122578,0.0014772218772106755,6.39311104116594e-09
JBL,4.75029630932324e-16,3.671407966908875e-14,4.02742086092811e-07,1.783187659708951e-11,2.4495889215375563e-11,2.7907455842701277e-24,6.133679347584778e-05,4.453045797796293e-22,2.980451510393259e-77,1.6854611702417027e-09
MPWR,8.005693956153396e-17,1.1673133399353034e-12,6.432302737516918e-11,8.118631674708038e-14,7.564312273807735e-14,0.000509846783378011,1.1990861868958952e-24,5.01446273747444e-19,3.0653517443476644e-27,4.345162181914777e-14
NWSA,2.4286216173350454e-09,8.029884646039894e-14,1.5186053303929136e-26,8.771039250100214e-14,8.171279834354985e-14,2.7907455842701277e-24,2.0224868528893147e-24,2.192969361924085e-22,3.0927187175845065e-28,1.4667610511839095e-18
BEN,7.141730355555682e-16,1.136721352509635e-15,2.1203155406218233e-15,3.038484536962163e-12,2.8306409407396685e-12,2.7907455842701277e-24,2.490503541405172e-23,4.624492710142429e-25,2.435682040933674e-26,1.0962194291623542e-26
CINF,2.215754186668773e-15,8.435614739885303e-14,5.177680476380084e-23,4.095354901025025e-13,3.8151568807768015e-13,2.7907455842701277e-24,8.591785714513441e-20,2.324369098671314e-19,9.243348229795885e-28,6.705064136279097e-17
UAL,8.76496299724329e-16,5.26234534444082e-14,2.3577536017908403e-15,1.0494453993388354e-14,9.776605846057634e-15,1.578271490518764e-08,2.399885671962951e-18,9.66688235902135e-25,3.8215131874178003e-32,5.195085839956006e-22
CCI,3.8836332408278463e-11,0.00028875019931302333,3.30426369236365e-05,0.020959047839309408,0.011152346790515823,0.004668353559825083,6.435415888422179e-05,3.1890571990807624e-37,1.7628744998603045e-11,5.884234940059623e-28
PANW,1.1247337306833412e-16,9.977125111574992e-07,1.9651956848910345e-05,0.0019834175796368068,0.002013755657373249,0.012611746667696388,0.007770081698283023,0.0012308871721721717,5.182539692615314e-09,0.0004845317823870233
WRB,4.805566193124792e-16,2.7357326353973904e-05,3.81460649540969e-26,7.060514097768726e-12,6.577556435804041e-12,2.7907455842701277e-24,4.678701906745577e-09,1.2035958417771486e-20,3.3817601530841175e-51,7.964989826725534e-07
HPQ,3.6357772867648753e-09,5.255804068640721e-10,7.56091274872382e-14,2.648813744705752e-14,2.4671393830353454e-14,1.1584303937286552e-05,3.597751273168944e-20,1.8978275508863475e-24,4.263017863993443e-12,9.635400677409785e-24
FDS,2.225571138966997e-16,3.241496734945899e-13,5.084865272157076e-25,1.2070242247289068e-12,1.1244597887127059e-12,4.2234019618052634e-05,0.00014425520626827496,1.3245816488834448e-21,0.7738219888749202,0.944338030557309
GE,2.0440862338032003e-11,2.884095349289054e-14,1.8813432574534213e-08,3.2970858330484126e-14,3.071173707885248e-14,2.7907455842701277e-24,5.863023847138556e-16,2.050688152881661e-22,9.650656800394453e-35,0.0007581805507888951
CAG,3.5971091367608567e-16,8.269854907381793e-06,0.0005724368277589047,0.0006032856187702447,0.0005436950613396199,0.02156401911577878,0.00014972052202847294,0.016870965906803485,6.10322808497572e-08,2.58234080088426e-26
EIX,2.9789148014614525e-08,8.119300703296051e-15,3.0357850223525353e-23,9.853252988483674e-12,9.17925617086e-12,6.820873357552018e-13,7.023016596084194e-24,1.5217649532675595e-21,3.780249576076493e-27,2.1294850870624395e-19
CBRE,7.167647637794978e-17,1.44242369688504e-15,4.191660876820747e-27,6.20184433793201e-14,5.77801541589388e-14,2.7907455842701277e-24,4.506372699233812e-13,1.0727513566725136e-24,2.394568248370598e-12,0.00018096525517877725
DG,6.144215319374984e-16,0.0005500443387001481,9.530844865546998e-05,0.13949005178010235,0.12486840986694789,0.014511892592737398,0.07420652815331891,0.29225334261763297,0.0002414480733117432,1.417993534480975e-37
DLTR,1.7237131857337117e-17,3.190738449041886e-14,1.3803793077847271e-17,4.294610457945449e-12,4.000847851259529e-12,7.471766040792149e-13,6.0524785420069125e-21,4.689219281478117e-25,1.5116327309081058e-28,4.382666811537388e-21
XYL,2.9813724173889143e-17,1.1322556160184743e-14,8.838715649774903e-09,6.067872845955471e-14,5.662169142306342e-14,2.7907455842701277e-24,4.894341114122922e-25,4.00831832657891e-21,1.2938023940873052e-31,8.71750391124056e-19
CAT,1.9264200289879444e-10,8.931406733469602e-14,8.579518884784566e-06,5.290050067725465e-13,4.927990067828476e-13,2.7907455842701277e-24,4.400784894990063e-31,5.4003647103226895e-24,4.688061339204073e-24,0.00024993265731154413
WMT,2.270760635987258e-14,0.0004515048284075373,0.004219486808824097,0.20998797469446834,0.19889877181120827,0.10272680315647875,0.3070994561247074,0.0064550701358302535,3.2725348686268535e-32,4.4395234843283706e-26
GPC,1.5217161135701856e-15,2.3033793462199848e-12,2.3190689003940785e-05,3.375229340993314e-13,3.144326695162547e-13,0.0002884522562726437,3.0341585542163973e-24,0.00014392815213292083,2.162205391157099e-32,1.5307263490216788e-19
DLR,1.2723773955867451e-10,1.2927553220719151e-14,2.5932254187651137e-09,5.398878135781931e-13,5.02973368403144e-13,0.00016747659879513797,2.9932720258500484e-10,0.0005235254566776342,3.369880846980183e-28,2.380017871154959e-18
IRM,3.0602863285091355e-09,2.6985715419551923e-13,1.582651691183e-13,5.966304663200169e-13,5.558129207420077e-13,0.0007239191724397263,6.89108623759648e-24,1.5767325120819144e-19,2.641203878281231e-28,4.088830799059664e-22
RSG,0.09307777309910385,0.011391483483953887,0.004378832816348295,0.07554150419625634,0.0729053796057036,0.26663377718288295,0.09833762766425673,0.029804784920883533,0.009604235421287894,5.411493778676224e-38
AOS,6.693137393568573e-17,1.2899813204953458e-16,1.5828247252608977e-26,1.002322578227807e-12,9.337610879124682e-13,1.0771592726144914e-06,4.821591299839812e-21,6.197668489862808e-06,2.582811893788261e-29,4.751036786250974e-16
MTD,6.890016131673165e-15,3.4988430823851057e-13,1.1772621887730406e-25,6.040902653044653e-14,5.624185310000231e-14,0.0007404666269888286,4.197530227224171e-05,2.997669809592226e-24,1.3998273405934511e-27,1.0250025113898702e-06
TXN,1.870446249062998e-16,1.3306508554987617e-13,1.7109660847602416e-27,7.894659731573744e-12,7.354626458112652e-12,1.3029373287389203e-08,6.385129594417227e-25,1.8033304487977883e-24,2.182156599820265e-28,2.5474022559841872e-20
TRGP,5.306029905197974e-17,2.6405554662975074e-12,1.8438960221851764e-26,1.6980720490653834e-13,1.5819485420326608e-13,6.468277228348045e-13,1.4603015728347095e-20,1.5074406123047552e-25,3.5256546925590386e-33,8.111454300500889e-18
DVN,4.150306373461305e-17,5.815569427662187e-15,4.811034425588856e-28,1.584268062298632e-12,1.4759034547984232e-12,0.00036237781727305424,1.872890507270351e-24,9.545674642716846e-21,1.78398846437516e-07,3.0801579303787365e-20
AEE,0.06411902890641558,0.31931710388950696,0.0006072004228356053,0.02878841614427338,0.02484895591926716,0.042020786093680616,0.07030773959588563,0.00015222447980248738,7.306911830996469e-08,2.9968661639194657e-27
TPL,1.0714530458899301e-06,0.0017736117252658392,9.384835098058833e-39,0.0006486468234407025,0.0005675023613789216,0.008241074818290495,2.3542411074393172e-36,0.13396252390069674,3.5076313189532883e-11,3.5513254790180368e-37
AIG,1.482639117233135e-15,6.249830274833113e-09,2.2985467532438406e-06,8.19150451899599e-15,7.237755242872712e-15,8.693781590759679e-13,0.0006501517675915825,1.9517454019385032e-25,4.5968609402992056e-33,5.88170778160815e-17
ROP,6.544103291066707e-16,7.132925237466376e-26,4.493225833150949e-26,8.83376281200817e-13,8.229722501146011e-13,8.279848496459262e-13,2.0422434024651292e-21,1.0422282521174203e-05,1.6376823658361837e-26,0.0036099098680272947
RJF,2.4570659111503367e-17,6.531390693308897e-13,4.310177622990116e-06,4.000100841405096e-14,3.7304118996347517e-14,1.465057808283775e-16,4.102886045261478e-26,2.208451031304229e-28,4.985257977060057e-31,2.3955425862494723e-17
ALB,4.0429391338818795e-14,1.1538447791604132e-14,7.063713018649715e-27,6.70595879262934e-14,6.242108633853594e-14,8.250005065400976e-13,0.0007271035004214196,1.8076426863886417e-21,2.654466984129742e-31,2.4128350278206655e-21
NCLH,5.066272331381142e-16,9.395630137964665e-14,8.40504477680614e-12,7.903285973851435e-15,7.362680507626936e-15,8.279878090308822e-13,8.424068001411564e-22,1.5640204680377011e-06,7.155399629494339e-28,1.369849619904431e-22
NOW,1.261706345369772e-13,8.225919881186179e-13,3.602320169116249e-27,4.163489905563768e-12,3.878697084489048e-12,8.279836752342277e-13,0.00019863737536494224,6.32884798293647e-25,1.8301273273569274e-26,0.04900966040504012
BF-B,1.4383127227471746e-15,1.5666627022175685e-11,6.487286667327731e-26,5.0501432227674686e-14,4.705420313122429e-14,8.279584148593654e-13,0.0005794246105656985,4.608728400006046e-21,1.079138031552894e-27,1.8951328005690565e-18
GPN,6.199284319242325e-16,5.322394240341435e-13,1.8600884097505959e-06,1.3956806567129375e-12,1.300226306639426e-12,8.280153697287551e-13,7.14495564316407e-17,1.2577226194813567e-20,1.6268103384411267e-11,1.562994960334729e-05
MSFT,6.303167218377732e-17,5.763794845604277e-13,4.808942208502305e-26,3.110949435137166e-11,2.898154705749445e-11,8.28015863015748e-13,5.96764105301231e-05,8.677670011046948e-07,5.624626875904947e-27,7.137527769735837e-22
NOC,6.175476393809713e-15,2.5216505346582767e-05,0.0008406058667068843,0.010367654998020386,0.010197086556006246,0.03884332540708619,0.0010432295208594013,0.001421823175715473,0.14136470492995915,6.021326016346184e-05
CSCO,1.910782574701331e-16,2.596494666886134e-15,4.4941441804069083e-13,1.4430636616653745e-13,1.3393440111858806e-13,8.279687099845137e-13,2.494793754163323e-17,2.729907115124773e-37,5.0466155544921814e-27,2.0788336296615407e-19
EQIX,1.0086834482339763e-13,0.0006957606531652103,0.0002561658252453984,0.01903504656015301,0.020164243807192356,0.004386237437128268,4.9658711676475534e-05,0.00855732501131484,1.4069526682241919e-05,7.822087356229298e-07
T,0.002134674404997477,0.0004388701818849014,0.002854781130739015,0.13543499683003335,0.1273272314727829,0.07660873524628159,0.0015777136525538524,0.05055439549904685,0.0021917930054912407,0.00020800660010809397
AMD,2.766687694352276e-11,4.4308365173400647e-16,6.9879466183191544e-15,7.825368732716447e-13,7.289939145699808e-13,8.279501540462121e-13,7.227357119709061e-14,1.5287404716832016e-06,2.9402512938506715e-24,1.7913503919621613e-17
SHW,1.0337980265493872e-15,1.220221548544684e-13,1.0910289779053727e-25,1.3249911768862827e-11,1.234353976186993e-11,8.279878090224104e-13,5.944227997143242e-13,6.0704605645694275e-21,3.858238792019528e-30,1.1322358863824878e-15
LIN,3.546500914018592e-15,2.2260389562650517e-12,2.5012512164175312e-23,3.8283107124109966e-13,3.56630372521253e-13,8.27984956354273e-13,1.3215868275303823e-14,7.861217115478089e-21,4.197848091870493e-31,4.808838060627859e-18
FIX,5.239454667630704e-13,2.8114461083618546e-13,3.7780945285275624e-27,1.2025879209117275e-14,1.1199679791132268e-14,8.279678553716571e-13,2.5617210082616327e-12,5.88429300494055e-25,7.023063333496567e-27,9.624666340058912e-17
AVB,1.3839462960413411e-13,6.442164396634082e-15,7.159122443408246e-26,1.075213222928561e-12,1.0017013112808077e-12,8.278681923613847e-13,4.024428127767528e-13,1.3464462643529532e-21,7.76096074811726e-24,6.664352056420712e-17
NFLX,1.7440203209977087e-16,1.6419812246066435e-14,3.128075135525831e-12,5.1621970744027924e-12,0.0040273592943498296,0.0005999550856423499,8.665250038891953e-15,8.928721529236283e-25,1.7346832131228097e-45,8.89014279323275e-17
COHR,7.307751455418294e-17,3.3530532377036375e-14,4.297745134128911e-26,2.8610626968107806e-13,2.665282157207258e-13,8.279924537379535e-13,3.224175733413997e-13,7.500312176889049e-23,1.2557325122752025e-28,2.2931856496044372e-15
VMC,2.266845384334105e-10,1.958873702403431e-13,2.845444847702542e-26,1.7369934458184467e-14,1.6184152066171117e-14,8.279776093772749e-13,1.4408507404106696e-10,9.826253347759851e-05,7.349952738625601e-28,2.377235846647799e-16
STX,5.449423928018328e-09,3.2873044406512967e-13,2.4937166823622495e-14,2.3776025194115586e-11,2.2149693274933367e-11,8.279860474299103e-13,3.804278103321049e-16,1.7357213202882255e-23,2.716302022945321e-32,5.084332290442191e-16
DTE,5.9385493397246374e-15,3.091471475950549e-05,8.967005546417041e-05,0.0033966380518809076,0.003647741120569375,0.019262287545523987,0.04412942696623948,0.16948559622653878,1.044159411343232e-21,3.1617863029218907e-07
NDSN,9.373068113551301e-16,3.7112865907162973e-13,9.705625685844963e-23,5.112431985780825e-14,4.7633142401792434e-14,8.279846084259962e-13,1.1845538115615218e-13,2.170663870838329e-20,5.53081774712055e-28,1.509359335305207e-16
ALLE,6.964874343650066e-16,2.8434201440581016e-15,3.095131959982315e-25,1.1498581419409736e-12,1.071205037933864e-12,8.279671478154982e-13,5.645254898028665e-14,1.9291816199074256e-17,5.949666960811635e-28,7.969647330477798e-18
RL,2.342675794252016e-15,1.999670749552924e-15,1.062049528714222e-22,3.750288707895695e-12,3.4937578907491293e-12,8.280466472560488e-13,1.3416717739836205e-13,1.5772091272001583e-37,7.651933052494309e-32,3.723170531772214e-16
AXON,1.881855589654128e-16,4.011930040988011e-05,3.842270056146752e-39,0.0009835081927714844,0.0012517613357736072,0.003460951760456731,0.010859301301979523,1.5845300615184423e-36,2.729096931551492e-53,0.0002075684833598906
EXR,2.2279273233932583e-15,1.411082676145638e-12,2.120465585071707e-31,1.2322884908871758e-11,1.1479975049920856e-11,8.279714147824531e-13,7.544071046478392e-14,5.080948583455377e-21,6.2016323222588215e-77,1.4454638848872195e-17
PSA,2.2218812057258064e-15,0.00029014478373399187,2.572105972368127e-37,0.00045294665125636234,0.0004207631531517669,0.05113630977429382,0.0008682852145782241,0.014893605668353928,1.6013972673129717e-06,5.765040017842564e-06
TRV,5.861176503180359e-17,3.177521556481982e-14,2.6047412839443305e-06,2.9719569622405043e-13,2.768677869220237e-13,8.279878090283083e-13,2.561366555657412e-14,3.143021864816095e-21,6.108890184917869e-11,1.1651715305327897e-16
LYV,2.775740393292235e-17,1.7342118543708762e-14,2.679423744417072e-22,6.654791837810752e-14,6.199354916087627e-14,8.279690380531827e-13,5.9366661238597135e-12,6.891647504638664e-25,2.666738704504671e-14,4.9645943342585926e-17
BG,1.5231381381922257e-15,0.09264520668103357,0.002762308638647518,0.011951317922054358,0.009232842851169262,0.015154953312722378,0.0004971447033369815,0.0015211356338531953,1.807728383356415e-09,6.220534866550884e-07
GWW,1.469485160844097e-16,1.4580358657553807e-05,6.352965826135318e-05,1.349924700976792e-13,1.254179836394615e-13,8.279784705414695e-13,0.0001981335253391679,0.0006691996774236452,2.93507582728712e-43,2.51263808143199e-07
FE,6.232884965957844e-15,9.975126527472845e-05,8.514624888172639e-05,0.029955427776467064,0.02497740797471996,0.023918799579904927,0.0032835684939533398,2.0906140698928693e-05,8.73402427838968e-12,0.0004990456767357183
AMCR,1.4418783059889472e-16,0.0018104002018204722,0.9757875999473963,0.25973751085222424,0.24370599932520437,0.12234880212183735,0.08972059976806883,0.012810024478432805,3.0516960008138654e-11,0.0001266063295334325
AJG,4.6582445608232695e-19,6.442406873661211e-05,2.5049152065125368e-05,9.679279265550208e-14,9.016225381861383e-14,8.279785067597857e-13,3.9704278832251244e-14,5.29843730110944e-26,4.2179364436639715e-45,5.985952780267193e-16
